<?xml version="1.0" encoding="UTF-8"?>
<!DOCTYPE article PUBLIC "-//NLM//DTD JATS (Z39.96) Journal Archiving and Interchange DTD with MathML3 v1.3 20210610//EN" "http://jats.nlm.nih.gov/publishing/1.3/JATS-archivearticle1-3-mathml3.dtd">
<article xmlns:mml="http://www.w3.org/1998/Math/MathML" xmlns:xlink="http://www.w3.org/1999/xlink" xmlns:xsi="http://www.w3.org/2001/XMLSchema-instance" xmlns:ali="http://www.niso.org/schemas/ali/1.0/" dtd-version="1.3" xml:lang="en" id="article-article">
  <front>
    <article-meta>
      <title-group>
        <article-title>Article Title - La Palma Earthquakes</article-title>
      </title-group>
      <contrib-group>
        <contrib contrib-type="author" corresp="yes">
          <contrib-id contrib-id-type="orcid">0000-0002-0760-5497</contrib-id>
          <string-name>Steve Purves</string-name>
          <role vocab="CRediT" vocab-identifier="http://credit.niso.org/" vocab-term="Investigation">Investigation</role>
          <role vocab="CRediT" vocab-identifier="http://credit.niso.org/" vocab-term="Project administration">Project administration</role>
          <role vocab="CRediT" vocab-identifier="http://credit.niso.org/" vocab-term="Software">Software</role>
          <role vocab="CRediT" vocab-identifier="http://credit.niso.org/" vocab-term="Visualization">Visualization</role>
          <aff>
            <institution>Curvenote</institution>
          </aff>
          <email>steve@curvenote.com</email>
        </contrib>
        <contrib contrib-type="author">
          <contrib-id contrib-id-type="orcid">0000-0002-7859-8394</contrib-id>
          <string-name>Rowan Cockett</string-name>
          <aff>
            <institution>Curvenote</institution>
          </aff>
        </contrib>
      </contrib-group>
      <permissions>
        <ali:free_to_read/>
        <license>
          <ali:license_ref>https://creativecommons.org/licenses/by-sa/4.0/</ali:license_ref>
        </license>
      </permissions>
    </article-meta>
  </front>
  <body>
    <disp-quote>
      <p>The notebook should include an abstract cell at the beginning. If you inspect the metadata for this cell, you will find 
        <monospace>"part": "abstract"</monospace>. This metadata is required for recognizing the content of this cell as the abstract.
      </p>
      <p>The abstract should begin with a short description of the problem addressed, briefly describe the new data or analyses, then briefly state the main conclusion(s) and how they are supported, and address any uncertainty.</p>
    </disp-quote>
    <p>In September 2021, a significant jump in seismic activity on the island of La Palma (Canary Islands, Spain) signaled the start of a volcanic crisis that still continues at the time of writing. Earthquake data is continually collected and published by the Instituto Geográphico Nacional (IGN). We have created an accessible dataset from this and completed preliminary data analysis which shows seismicity originating at two distinct depths, consistent with the model of a two reservoir system feeding the currently very active volcano.</p>
    <sec id="sec-1">
      <title>Introduction</title>
      <disp-quote>
        <p>The content of your notebook may be broken into any number of markdown or code cells. Markdown cells use MyST markdown and support 
          <ext-link ext-link-type="uri" xlink:href="https://mystmd.org/guide/typography">standard markdown typography</ext-link> and many 
          <ext-link ext-link-type="uri" xlink:href="https://mystmd.org/guide/syntax-overview">directives and roles</ext-link> for figures, tables, equations, etc.
        </p>
      </disp-quote>
      <p>La Palma is one of the west most islands in the Volcanic Archipelago of the Canary Islands, a Spanish territory situated is the Atlantic Ocean where at their closest point are 100km from the African coast 
        <xref ref-type="fig" rid="figure-3">Figure 1</xref> The island is one of the youngest, remains active and is still in the island forming stage.
      </p>
      <disp-quote>
        <p>Figures may be added to your notebook using the 
          <ext-link ext-link-type="uri" xlink:href="https://mystmd.org/guide/figures">figure directive</ext-link>. They may refer to images saved in your 
          <monospace>images/</monospace> folder, images from the web, or notebook cell outputs 
          <ext-link ext-link-type="uri" xlink:href="https://mystmd.org/guide/cross-references#targeting-cells">referenced by label</ext-link>. The 
          <monospace>:name:</monospace> is used to reference the figure in your text; a reference to the following figure is found in the paragraph above. The figure caption is given as the body of this directive.
        </p>
      </disp-quote>
      <fig id="figure-1">
        <label>Figure 1:</label>
        <caption>
          <p>Map of La Palma in the Canary Islands. Image credit 
            <ext-link ext-link-type="uri" xlink:href="https://commons.wikimedia.org/w/index.php?curid=76638603">NordNordWest</ext-link>
          </p>
        </caption>
        <alt-text>Map of La Palma in the Canary Islands. Image credit NordNordWest</alt-text>
        <graphic mimetype="image" mime-subtype="png" xlink:href="files/la-palma-map-6e9eeb712ff10770e6ef4c264d3c7f53.png"/>
      </fig>
      <p>La Palma has been constructed by various phases of volcanism, the most recent and currently active being the 
        <italic>Cumbre Vieja</italic> volcano, a north-south volcanic ridge that constitutes the southern half of the island.
      </p>
      <sec id="sec-2">
        <title>Eruption History</title>
        <p>A number of eruptions were recorded since the colonization of the islands by Europeans in the late 1400s, these are summarized in 
          <xref ref-type="table" rid="table-2">Table 1</xref>.
        </p>
        <disp-quote>
          <p>Simple tables may be created using the 
            <ext-link ext-link-type="uri" xlink:href="https://mystmd.org/guide/tables">list-table directive</ext-link>. Similar to figures, tables may be referenced in the text by their 
            <monospace>name</monospace>. The caption for this table is the first line of the directive.
          </p>
        </disp-quote>
        <table-wrap id="table-1">
          <label>Table 1:</label>
          <caption>
            <p>Recent historic eruptions on La Palma</p>
          </caption>
          <table>
            <thead>
              <tr>
                <th>
                  <p>Name</p>
                </th>
                <th>
                  <p>Year</p>
                </th>
              </tr>
            </thead>
            <tbody>
              <tr>
                <td>
                  <p>Current</p>
                </td>
                <td>
                  <p>2021</p>
                </td>
              </tr>
              <tr>
                <td>
                  <p>Teneguía</p>
                </td>
                <td>
                  <p>1971</p>
                </td>
              </tr>
              <tr>
                <td>
                  <p>Nambroque</p>
                </td>
                <td>
                  <p>1949</p>
                </td>
              </tr>
              <tr>
                <td>
                  <p>El Charco</p>
                </td>
                <td>
                  <p>1712</p>
                </td>
              </tr>
              <tr>
                <td>
                  <p>Volcán San Antonio</p>
                </td>
                <td>
                  <p>1677</p>
                </td>
              </tr>
              <tr>
                <td>
                  <p>Volcán San Martin</p>
                </td>
                <td>
                  <p>1646</p>
                </td>
              </tr>
              <tr>
                <td>
                  <p>Tajuya near El Paso</p>
                </td>
                <td>
                  <p>1585</p>
                </td>
              </tr>
              <tr>
                <td>
                  <p>Montaña Quemada</p>
                </td>
                <td>
                  <p>1492</p>
                </td>
              </tr>
            </tbody>
          </table>
        </table-wrap>
        <p>This equates to an eruption on average every 79 years up until the 1971 event. The probability of a future eruption can be modeled by a Poisson distribution 
          <xref ref-type="disp-formula" rid="eq-3">(1)</xref>.
        </p>
        <disp-quote>
          <p>Numbered equations may be defined using the 
            <ext-link ext-link-type="uri" xlink:href="https://mystmd.org/guide/math">math directive or in line</ext-link>. Equations defined with the math directive may be reference in the text by label.
          </p>
        </disp-quote>
        <disp-formula id="eq-1">
          <label>(1)</label>
          <alternatives>
            <mml:math>
              <mml:semantics>
                <mml:mrow>
                  <mml:mi>p</mml:mi>
                  <mml:mo stretchy="false">(</mml:mo>
                  <mml:mi>x</mml:mi>
                  <mml:mo stretchy="false">)</mml:mo>
                  <mml:mo>=</mml:mo>
                  <mml:mfrac>
                    <mml:mrow>
                      <mml:msup>
                        <mml:mi>e</mml:mi>
                        <mml:mrow>
                          <mml:mo>−</mml:mo>
                          <mml:mi>λ</mml:mi>
                        </mml:mrow>
                      </mml:msup>
                      <mml:msup>
                        <mml:mi>λ</mml:mi>
                        <mml:mi>x</mml:mi>
                      </mml:msup>
                    </mml:mrow>
                    <mml:mrow>
                      <mml:mi>x</mml:mi>
                      <mml:mo stretchy="false">!</mml:mo>
                    </mml:mrow>
                  </mml:mfrac>
                </mml:mrow>
              </mml:semantics>
            </mml:math>
            <tex-math><![CDATA[p(x)=\frac{e^{-\lambda} \lambda^{x}}{x !}]]></tex-math>
          </alternatives>
        </disp-formula>
        <p>Where 
          <inline-formula>
            <alternatives>
              <mml:math display="inline">
                <mml:semantics>
                  <mml:mrow>
                    <mml:mi>λ</mml:mi>
                  </mml:mrow>
                </mml:semantics>
              </mml:math>
              <tex-math><![CDATA[\lambda]]></tex-math>
            </alternatives>
          </inline-formula> is the number of eruptions per year, 
          <inline-formula>
            <alternatives>
              <mml:math display="inline">
                <mml:semantics>
                  <mml:mrow>
                    <mml:mi>λ</mml:mi>
                    <mml:mo>=</mml:mo>
                    <mml:mfrac>
                      <mml:mn>1</mml:mn>
                      <mml:mn>79</mml:mn>
                    </mml:mfrac>
                  </mml:mrow>
                </mml:semantics>
              </mml:math>
              <tex-math><![CDATA[\lambda=\frac{1}{79}]]></tex-math>
            </alternatives>
          </inline-formula> in this case. The probability of a future eruption in the next 
          <inline-formula>
            <alternatives>
              <mml:math display="inline">
                <mml:semantics>
                  <mml:mrow>
                    <mml:mi>t</mml:mi>
                  </mml:mrow>
                </mml:semantics>
              </mml:math>
              <tex-math><![CDATA[t]]></tex-math>
            </alternatives>
          </inline-formula> years can be calculated by:
        </p>
        <disp-formula id="eq-2">
          <label>(2)</label>
          <alternatives>
            <mml:math>
              <mml:semantics>
                <mml:mrow>
                  <mml:msub>
                    <mml:mi>p</mml:mi>
                    <mml:mi>e</mml:mi>
                  </mml:msub>
                  <mml:mo>=</mml:mo>
                  <mml:mn>1</mml:mn>
                  <mml:mo>−</mml:mo>
                  <mml:msup>
                    <mml:mi mathvariant="normal">e</mml:mi>
                    <mml:mrow>
                      <mml:mo>−</mml:mo>
                      <mml:mi>t</mml:mi>
                      <mml:mi>λ</mml:mi>
                    </mml:mrow>
                  </mml:msup>
                </mml:mrow>
              </mml:semantics>
            </mml:math>
            <tex-math><![CDATA[p_e = 1-\mathrm{e}^{-t \lambda}]]></tex-math>
          </alternatives>
        </disp-formula>
        <p>So following the 1971 eruption the probability of an eruption in the following 50 years — the period ending this year — was 0.469. After the event, the number of eruptions per year moves to 
          <inline-formula>
            <alternatives>
              <mml:math display="inline">
                <mml:semantics>
                  <mml:mrow>
                    <mml:mi>λ</mml:mi>
                    <mml:mo>=</mml:mo>
                    <mml:mfrac>
                      <mml:mn>1</mml:mn>
                      <mml:mn>75</mml:mn>
                    </mml:mfrac>
                  </mml:mrow>
                </mml:semantics>
              </mml:math>
              <tex-math><![CDATA[\lambda=\frac{1}{75}]]></tex-math>
            </alternatives>
          </inline-formula> and the probability of a further eruption within the next 50 years (2022-2071) rises to 0.487 and in the next 100 years, this rises again to 0.736.
        </p>
      </sec>
    </sec>
    <sec id="sec-3">
      <title>Magma Reservoirs</title>
      <disp-quote>
        <p>You may 
          <ext-link ext-link-type="uri" xlink:href="https://mystmd.org/guide/citations">add citations two ways</ext-link>. First, you may simply insert a markdown link to a DOI like so: 
          <xref ref-type="bibr" rid="ref-2">Thompson 
            <italic>et al.</italic>, 1994
          </xref>. No additional bibliographic information is required for this approach; the reference will be looked up by DOI and added implicitly to the references. Alternatively, you may provide the bibliography directly as 
          <monospace>references.bib</monospace> bibtex file, then embed the citation by bibtex key in your text using the 
          <monospace>cite:p</monospace> or 
          <monospace>cite:t</monospace> for parenthetical or textual citations, respectively. The following paragraph provides an example of this. A single paper may combine both DOI and bibtex citations.
        </p>
      </disp-quote>
      <p>Studies of the magma systems feeding the volcano, such as (
        <xref ref-type="bibr" rid="ref-1">Marrero 
          <italic>et al.</italic>, 2019
        </xref>) has proposed that there are two main magma reservoirs feeding the Cumbre Vieja volcano; one in the mantle (30-40km depth) which charges and in turn feeds a shallower crustal reservoir (10-20km depth).
      </p>
      <fig id="figure-2">
        <label>Figure 2:</label>
        <caption>
          <p>Proposed model from Marrero et al</p>
        </caption>
        <alt-text>Proposed model from Marrero et al</alt-text>
        <graphic mimetype="image" mime-subtype="png" xlink:href="files/reservoirs-0b5feb2a002e350fef95f50308e164af.png"/>
      </fig>
      <p>In this paper, we look at recent seismicity data to see if we can see evidence of such a system action, see 
        <xref ref-type="fig" rid="figure-4">Figure 2</xref>.
      </p>
    </sec>
    <sec id="sec-4">
      <title>Dataset</title>
      <disp-quote>
        <p>All data used in the notebook should be present in the 
          <monospace>data/</monospace> folder so notebooks may be executed in place with no additional input.
        </p>
      </disp-quote>
      <p>The earthquake dataset used in our analysis was generated from the 
        <ext-link ext-link-type="uri" xlink:href="https://www.ign.es/web/resources/volcanologia/tproximos/canarias.html">IGN web portal</ext-link> this is public data released under a permissive license. Data recorded using the network of Seismic Monitoring Stations on the island. A web scraping script was developed to pull data into a machine-readable form for analysis. That code tool 
        <ext-link ext-link-type="uri" xlink:href="https://github.com/stevejpurves/ign-earthquake-data">is available on GitHub</ext-link> along with a copy of recently updated data.
      </p>
      <sec id="sec-5">
        <title>Main Timeline Figure</title>
        <disp-quote>
          <p>Code cells may be seamlessly interleaved with markdown cells. Currently, with a single-article submission, code cannot be hidden in the output document.</p>
        </disp-quote>
      </sec>
    </sec>
    <sec id="sec-6">
      <title>Visualising Long term earthquake data</title>
      <p>Data taken directly from the IGN Catalog</p>
      <disp-quote>
        <p>Supported cell outputs below include 
          <monospace>pandas</monospace> dataframe, raw text output, 
          <monospace>matplotlib</monospace> plot, and 
          <monospace>seaborn</monospace> plot.
        </p>
      </disp-quote>
    </sec>
    <sec id="sec-7">
      <title>Cumulative Distrubtion Plots</title>
    </sec>
    <sec id="sec-8">
      <title>Results</title>
      <p>The dataset was loaded into this Jupyter notebook and filtered down to La Palma events only. This results in 5465 data points which we then visualized to understand their distributions spatially, by depth, by magnitude and in time.</p>
      <p>From our analysis above, we can see 3 different systems in play.</p>
      <p>Firstly, the shallow earthquake swarm leading up to the eruption on 19th September, related to significant surface deformation and shallow magma intrusion.</p>
      <p>After the eruption, continuous shallow seismicity started at 10-15km corresponding to magma movement in the crustal reservoir.</p>
      <p>Subsequently, high magnitude events begin occurring at 30-40km depths corresponding to changes in the mantle reservoir. These are also continuous but occur with a lower frequency than in the crustal reservoir.</p>
    </sec>
    <sec id="sec-9">
      <title>Conclusions</title>
      <p>From the analysis of the earthquake data collected and published by IGN for the period of 11 September through to 9 November 2021. Visualization of the earthquake events at different depths appears to confirm the presence of both mantle and crustal reservoirs as proposed by 
        <xref ref-type="bibr" rid="ref-1">Marrero 
          <italic>et al.</italic> (2019)
        </xref>.
      </p>
      <disp-quote>
        <p>Data availability statement should be specified in a separate cell with metadata 
          <monospace>"part": "availability"</monospace>, similar to the abstract.
        </p>
        <p>AGU requires an Availability Statement for the underlying data needed to understand, evaluate, and build upon the reported research at the time of peer review and publication.</p>
      </disp-quote>
      <p>A web scraping script was developed to pull data into a machine-readable form for analysis. That code tool 
        <ext-link ext-link-type="uri" xlink:href="https://github.com/stevejpurves/ign-earthquake-data">is available on GitHub</ext-link> along with a copy of recently updated data.
      </p>
    </sec>
  </body>
  <back>
    <ref-list>
      <ref id="ref-1">
        <element-citation publication-type="journal">
          <article-title>Strategies for the development of volcanic hazard maps in monogenetic volcanic fields: the example of La Palma (Canary Islands)</article-title>
          <person-group person-group-type="author">
            <name>
              <surname>Marrero</surname>
              <given-names>José</given-names>
            </name>
            <name>
              <surname>García</surname>
              <given-names>Alicia</given-names>
            </name>
            <name>
              <surname>Berrocoso</surname>
              <given-names>Manuel</given-names>
            </name>
            <name>
              <surname>Llinares</surname>
              <given-names>Ángeles</given-names>
            </name>
            <name>
              <surname>Rodríguez-Losada</surname>
              <given-names>Antonio</given-names>
            </name>
            <name>
              <surname>Ortiz</surname>
              <given-names>R.</given-names>
            </name>
          </person-group>
          <source>Journal of Applied Volcanology</source>
          <year iso-8601-date="2019">2019</year>
          <pub-id pub-id-type="doi">10.1186/s13617-019-0085-5</pub-id>
          <volume>8</volume>
        </element-citation>
      </ref>
      <ref id="ref-2">
        <element-citation publication-type="journal">
          <article-title>CLUSTAL W: improving the sensitivity of progressive multiple sequence alignment through sequence weighting, position-specific gap penalties and weight matrix choice</article-title>
          <person-group person-group-type="author">
            <name>
              <surname>Thompson</surname>
              <given-names>Julie D.</given-names>
            </name>
            <name>
              <surname>Higgins</surname>
              <given-names>Desmond G.</given-names>
            </name>
            <name>
              <surname>Gibson</surname>
              <given-names>Toby J.</given-names>
            </name>
          </person-group>
          <source>Nucleic Acids Research</source>
          <year iso-8601-date="1994">1994</year>
          <pub-id pub-id-type="doi">10.1093/nar/22.22.4673</pub-id>
          <volume>22</volume>
          <issue>22</issue>
          <fpage>4673</fpage>
          <lpage>4680</lpage>
        </element-citation>
      </ref>
    </ref-list>
  </back>
  <sub-article id="article">
    <front-stub>
      <article-version article-version-type="alt representation">notebook</article-version>
    </front-stub>
    <body>
      <sec id="sec-10" sec-type="notebook-content">
        <disp-quote>
          <p>The notebook should include an abstract cell at the beginning. If you inspect the metadata for this cell, you will find 
            <monospace>"part": "abstract"</monospace>. This metadata is required for recognizing the content of this cell as the abstract.
          </p>
          <p>The abstract should begin with a short description of the problem addressed, briefly describe the new data or analyses, then briefly state the main conclusion(s) and how they are supported, and address any uncertainty.</p>
        </disp-quote>
        <p>In September 2021, a significant jump in seismic activity on the island of La Palma (Canary Islands, Spain) signaled the start of a volcanic crisis that still continues at the time of writing. Earthquake data is continually collected and published by the Instituto Geográphico Nacional (IGN). We have created an accessible dataset from this and completed preliminary data analysis which shows seismicity originating at two distinct depths, consistent with the model of a two reservoir system feeding the currently very active volcano.</p>
      </sec>
      <sec id="sec-11" sec-type="notebook-content">
        <sec id="sec-12">
          <title>Introduction</title>
          <disp-quote>
            <p>The content of your notebook may be broken into any number of markdown or code cells. Markdown cells use MyST markdown and support 
              <ext-link ext-link-type="uri" xlink:href="https://mystmd.org/guide/typography">standard markdown typography</ext-link> and many 
              <ext-link ext-link-type="uri" xlink:href="https://mystmd.org/guide/syntax-overview">directives and roles</ext-link> for figures, tables, equations, etc.
            </p>
          </disp-quote>
          <p>La Palma is one of the west most islands in the Volcanic Archipelago of the Canary Islands, a Spanish territory situated is the Atlantic Ocean where at their closest point are 100km from the African coast 
            <xref ref-type="fig" rid="figure-3">Figure 1</xref> The island is one of the youngest, remains active and is still in the island forming stage.
          </p>
          <disp-quote>
            <p>Figures may be added to your notebook using the 
              <ext-link ext-link-type="uri" xlink:href="https://mystmd.org/guide/figures">figure directive</ext-link>. They may refer to images saved in your 
              <monospace>images/</monospace> folder, images from the web, or notebook cell outputs 
              <ext-link ext-link-type="uri" xlink:href="https://mystmd.org/guide/cross-references#targeting-cells">referenced by label</ext-link>. The 
              <monospace>:name:</monospace> is used to reference the figure in your text; a reference to the following figure is found in the paragraph above. The figure caption is given as the body of this directive.
            </p>
          </disp-quote>
          <fig id="figure-3">
            <label>Figure 1:</label>
            <caption>
              <p>Map of La Palma in the Canary Islands. Image credit 
                <ext-link ext-link-type="uri" xlink:href="https://commons.wikimedia.org/w/index.php?curid=76638603">NordNordWest</ext-link>
              </p>
            </caption>
            <alt-text>Map of La Palma in the Canary Islands. Image credit NordNordWest</alt-text>
            <graphic mimetype="image" mime-subtype="png" xlink:href="files/la-palma-map-6e9eeb712ff10770e6ef4c264d3c7f53.png"/>
          </fig>
          <p>La Palma has been constructed by various phases of volcanism, the most recent and currently active being the 
            <italic>Cumbre Vieja</italic> volcano, a north-south volcanic ridge that constitutes the southern half of the island.
          </p>
          <sec id="sec-13">
            <title>Eruption History</title>
            <p>A number of eruptions were recorded since the colonization of the islands by Europeans in the late 1400s, these are summarized in 
              <xref ref-type="table" rid="table-2">Table 1</xref>.
            </p>
            <disp-quote>
              <p>Simple tables may be created using the 
                <ext-link ext-link-type="uri" xlink:href="https://mystmd.org/guide/tables">list-table directive</ext-link>. Similar to figures, tables may be referenced in the text by their 
                <monospace>name</monospace>. The caption for this table is the first line of the directive.
              </p>
            </disp-quote>
            <table-wrap id="table-2">
              <label>Table 1:</label>
              <caption>
                <p>Recent historic eruptions on La Palma</p>
              </caption>
              <table>
                <thead>
                  <tr>
                    <th>
                      <p>Name</p>
                    </th>
                    <th>
                      <p>Year</p>
                    </th>
                  </tr>
                </thead>
                <tbody>
                  <tr>
                    <td>
                      <p>Current</p>
                    </td>
                    <td>
                      <p>2021</p>
                    </td>
                  </tr>
                  <tr>
                    <td>
                      <p>Teneguía</p>
                    </td>
                    <td>
                      <p>1971</p>
                    </td>
                  </tr>
                  <tr>
                    <td>
                      <p>Nambroque</p>
                    </td>
                    <td>
                      <p>1949</p>
                    </td>
                  </tr>
                  <tr>
                    <td>
                      <p>El Charco</p>
                    </td>
                    <td>
                      <p>1712</p>
                    </td>
                  </tr>
                  <tr>
                    <td>
                      <p>Volcán San Antonio</p>
                    </td>
                    <td>
                      <p>1677</p>
                    </td>
                  </tr>
                  <tr>
                    <td>
                      <p>Volcán San Martin</p>
                    </td>
                    <td>
                      <p>1646</p>
                    </td>
                  </tr>
                  <tr>
                    <td>
                      <p>Tajuya near El Paso</p>
                    </td>
                    <td>
                      <p>1585</p>
                    </td>
                  </tr>
                  <tr>
                    <td>
                      <p>Montaña Quemada</p>
                    </td>
                    <td>
                      <p>1492</p>
                    </td>
                  </tr>
                </tbody>
              </table>
            </table-wrap>
            <p>This equates to an eruption on average every 79 years up until the 1971 event. The probability of a future eruption can be modeled by a Poisson distribution 
              <xref ref-type="disp-formula" rid="eq-3">(1)</xref>.
            </p>
            <disp-quote>
              <p>Numbered equations may be defined using the 
                <ext-link ext-link-type="uri" xlink:href="https://mystmd.org/guide/math">math directive or in line</ext-link>. Equations defined with the math directive may be reference in the text by label.
              </p>
            </disp-quote>
            <disp-formula id="eq-3">
              <label>(1)</label>
              <alternatives>
                <mml:math>
                  <mml:semantics>
                    <mml:mrow>
                      <mml:mi>p</mml:mi>
                      <mml:mo stretchy="false">(</mml:mo>
                      <mml:mi>x</mml:mi>
                      <mml:mo stretchy="false">)</mml:mo>
                      <mml:mo>=</mml:mo>
                      <mml:mfrac>
                        <mml:mrow>
                          <mml:msup>
                            <mml:mi>e</mml:mi>
                            <mml:mrow>
                              <mml:mo>−</mml:mo>
                              <mml:mi>λ</mml:mi>
                            </mml:mrow>
                          </mml:msup>
                          <mml:msup>
                            <mml:mi>λ</mml:mi>
                            <mml:mi>x</mml:mi>
                          </mml:msup>
                        </mml:mrow>
                        <mml:mrow>
                          <mml:mi>x</mml:mi>
                          <mml:mo stretchy="false">!</mml:mo>
                        </mml:mrow>
                      </mml:mfrac>
                    </mml:mrow>
                  </mml:semantics>
                </mml:math>
                <tex-math><![CDATA[p(x)=\frac{e^{-\lambda} \lambda^{x}}{x !}]]></tex-math>
              </alternatives>
            </disp-formula>
            <p>Where 
              <inline-formula>
                <alternatives>
                  <mml:math display="inline">
                    <mml:semantics>
                      <mml:mrow>
                        <mml:mi>λ</mml:mi>
                      </mml:mrow>
                    </mml:semantics>
                  </mml:math>
                  <tex-math><![CDATA[\lambda]]></tex-math>
                </alternatives>
              </inline-formula> is the number of eruptions per year, 
              <inline-formula>
                <alternatives>
                  <mml:math display="inline">
                    <mml:semantics>
                      <mml:mrow>
                        <mml:mi>λ</mml:mi>
                        <mml:mo>=</mml:mo>
                        <mml:mfrac>
                          <mml:mn>1</mml:mn>
                          <mml:mn>79</mml:mn>
                        </mml:mfrac>
                      </mml:mrow>
                    </mml:semantics>
                  </mml:math>
                  <tex-math><![CDATA[\lambda=\frac{1}{79}]]></tex-math>
                </alternatives>
              </inline-formula> in this case. The probability of a future eruption in the next 
              <inline-formula>
                <alternatives>
                  <mml:math display="inline">
                    <mml:semantics>
                      <mml:mrow>
                        <mml:mi>t</mml:mi>
                      </mml:mrow>
                    </mml:semantics>
                  </mml:math>
                  <tex-math><![CDATA[t]]></tex-math>
                </alternatives>
              </inline-formula> years can be calculated by:
            </p>
            <disp-formula id="eq-4">
              <label>(2)</label>
              <alternatives>
                <mml:math>
                  <mml:semantics>
                    <mml:mrow>
                      <mml:msub>
                        <mml:mi>p</mml:mi>
                        <mml:mi>e</mml:mi>
                      </mml:msub>
                      <mml:mo>=</mml:mo>
                      <mml:mn>1</mml:mn>
                      <mml:mo>−</mml:mo>
                      <mml:msup>
                        <mml:mi mathvariant="normal">e</mml:mi>
                        <mml:mrow>
                          <mml:mo>−</mml:mo>
                          <mml:mi>t</mml:mi>
                          <mml:mi>λ</mml:mi>
                        </mml:mrow>
                      </mml:msup>
                    </mml:mrow>
                  </mml:semantics>
                </mml:math>
                <tex-math><![CDATA[p_e = 1-\mathrm{e}^{-t \lambda}]]></tex-math>
              </alternatives>
            </disp-formula>
            <p>So following the 1971 eruption the probability of an eruption in the following 50 years — the period ending this year — was 0.469. After the event, the number of eruptions per year moves to 
              <inline-formula>
                <alternatives>
                  <mml:math display="inline">
                    <mml:semantics>
                      <mml:mrow>
                        <mml:mi>λ</mml:mi>
                        <mml:mo>=</mml:mo>
                        <mml:mfrac>
                          <mml:mn>1</mml:mn>
                          <mml:mn>75</mml:mn>
                        </mml:mfrac>
                      </mml:mrow>
                    </mml:semantics>
                  </mml:math>
                  <tex-math><![CDATA[\lambda=\frac{1}{75}]]></tex-math>
                </alternatives>
              </inline-formula> and the probability of a further eruption within the next 50 years (2022-2071) rises to 0.487 and in the next 100 years, this rises again to 0.736.
            </p>
          </sec>
        </sec>
        <sec id="sec-14">
          <title>Magma Reservoirs</title>
          <disp-quote>
            <p>You may 
              <ext-link ext-link-type="uri" xlink:href="https://mystmd.org/guide/citations">add citations two ways</ext-link>. First, you may simply insert a markdown link to a DOI like so: 
              <xref ref-type="bibr" rid="ref-2">Thompson 
                <italic>et al.</italic>, 1994
              </xref>. No additional bibliographic information is required for this approach; the reference will be looked up by DOI and added implicitly to the references. Alternatively, you may provide the bibliography directly as 
              <monospace>references.bib</monospace> bibtex file, then embed the citation by bibtex key in your text using the 
              <monospace>cite:p</monospace> or 
              <monospace>cite:t</monospace> for parenthetical or textual citations, respectively. The following paragraph provides an example of this. A single paper may combine both DOI and bibtex citations.
            </p>
          </disp-quote>
          <p>Studies of the magma systems feeding the volcano, such as (
            <xref ref-type="bibr" rid="ref-1">Marrero 
              <italic>et al.</italic>, 2019
            </xref>) has proposed that there are two main magma reservoirs feeding the Cumbre Vieja volcano; one in the mantle (30-40km depth) which charges and in turn feeds a shallower crustal reservoir (10-20km depth).
          </p>
          <fig id="figure-4">
            <label>Figure 2:</label>
            <caption>
              <p>Proposed model from Marrero et al</p>
            </caption>
            <alt-text>Proposed model from Marrero et al</alt-text>
            <graphic mimetype="image" mime-subtype="png" xlink:href="files/reservoirs-0b5feb2a002e350fef95f50308e164af.png"/>
          </fig>
          <p>In this paper, we look at recent seismicity data to see if we can see evidence of such a system action, see 
            <xref ref-type="fig" rid="figure-4">Figure 2</xref>.
          </p>
        </sec>
      </sec>
      <sec id="sec-15" sec-type="notebook-content">
        <sec id="sec-16">
          <title>Dataset</title>
          <disp-quote>
            <p>All data used in the notebook should be present in the 
              <monospace>data/</monospace> folder so notebooks may be executed in place with no additional input.
            </p>
          </disp-quote>
          <p>The earthquake dataset used in our analysis was generated from the 
            <ext-link ext-link-type="uri" xlink:href="https://www.ign.es/web/resources/volcanologia/tproximos/canarias.html">IGN web portal</ext-link> this is public data released under a permissive license. Data recorded using the network of Seismic Monitoring Stations on the island. A web scraping script was developed to pull data into a machine-readable form for analysis. That code tool 
            <ext-link ext-link-type="uri" xlink:href="https://github.com/stevejpurves/ign-earthquake-data">is available on GitHub</ext-link> along with a copy of recently updated data.
          </p>
        </sec>
      </sec>
      <sec id="sec-17" sec-type="notebook-content">
        <sec id="sec-18">
          <title>Main Timeline Figure</title>
          <disp-quote>
            <p>Code cells may be seamlessly interleaved with markdown cells. Currently, with a single-article submission, code cannot be hidden in the output document.</p>
          </disp-quote>
        </sec>
      </sec>
      <sec id="sec-19" sec-type="notebook-code">
        <code language="python" executable="yes">import pandas as pd
import matplotlib
import matplotlib.pyplot as plt
%matplotlib inline
import seaborn as sns
import numpy as np
sns.set_theme(style="whitegrid")</code>
      </sec>
      <sec id="sec-20" sec-type="notebook-code">
        <code language="python" executable="yes">def make_category_columns(df):
    df['Depth'] = 'Shallow (&amp;lt;18km)'
    df.loc[(df['Depth(km)'] &gt;= 18) &amp; (df['Depth(km)'] &amp;lt;= 28), 'Depth'] = 'Interchange (18km&gt;x&gt;28km)'
    df.loc[df['Depth(km)'] &gt;= 28, 'Depth'] = 'Deep (&gt;28km)'
    
    df['Mag'] = 0
    df.loc[(df['Magnitude'] &gt;= 1) &amp; (df['Magnitude'] &amp;lt;= 2), 'Mag'] = 1
    df.loc[(df['Magnitude'] &gt;= 2) &amp; (df['Magnitude'] &amp;lt;= 3), 'Mag'] = 2
    df.loc[(df['Magnitude'] &gt;= 3) &amp; (df['Magnitude'] &amp;lt;= 4), 'Mag'] = 3
    df.loc[(df['Magnitude'] &gt;= 4) &amp; (df['Magnitude'] &amp;lt;= 5), 'Mag'] = 4    
    
    return df</code>
      </sec>
      <sec id="sec-21" sec-type="notebook-content">
        <sec id="sec-22">
          <title>Visualising Long term earthquake data</title>
          <p>Data taken directly from the IGN Catalog</p>
          <disp-quote>
            <p>Supported cell outputs below include 
              <monospace>pandas</monospace> dataframe, raw text output, 
              <monospace>matplotlib</monospace> plot, and 
              <monospace>seaborn</monospace> plot.
            </p>
          </disp-quote>
        </sec>
      </sec>
      <sec id="sec-23" sec-type="notebook-code">
        <code language="python" executable="yes">df_ign = pd.read_csv('./data/lapalma_ign.csv')
df_ign = make_category_columns(df_ign)
df_ign.head()</code>
        <sec sec-type="notebook-output">
          <alternatives>
            <media specific-use="web" mimetype="text" mime-subtype="html" xlink:href="files/85138691e3f8c5d91583e8d33bb1347c.html"/>
            <media specific-use="text" mimetype="text" mime-subtype="plain" xlink:href="files/2965d404c0b1e99b5fac9ba461cf561c.txt"/>
          </alternatives>
        </sec>
      </sec>
      <sec id="sec-24" sec-type="notebook-code">
        <code language="python" executable="yes">df_ign['DateTime'] = pd.to_datetime(df_ign['Date'] + ' ' + df_ign['Time'])
df_ign['DateTime'];</code>
      </sec>
      <sec id="sec-25" sec-type="notebook-code">
        <code language="python" executable="yes">df_ign_early = df_ign[df_ign['DateTime'] &amp;lt; '2021-09-11']
df_ign_pre = df_ign[(df_ign['DateTime'] &gt;= '2021-09-11')&amp;(df_ign['DateTime'] &amp;lt; '2021-09-19 14:13:00')]
df_ign_phase1 = df_ign[(df_ign['DateTime'] &gt;= '2021-09-19 14:13:00')&amp;(df_ign['DateTime'] &amp;lt; '2021-10-01')]
df_ign_phase2 = df_ign[(df_ign['DateTime'] &gt;= '2021-10-01')&amp;(df_ign['DateTime'] &amp;lt; '2021-12-01')]
df_ign_phase3 = df_ign[(df_ign['DateTime'] &gt;= '2021-12-01')&amp;(df_ign['DateTime'] &amp;lt;= '2021-12-31')]

df_erupt = df_ign[(df_ign['Date'] &amp;lt; '2022-01-01') &amp; (df_ign['Date'] &gt; '2021-09-11')]

df_erupt_1 = df_erupt[df_erupt['Magnitude'] &amp;lt; 1.0]
df_erupt_2 = df_erupt[(df_erupt['Magnitude'] &gt;= 1.0)&amp;(df_erupt['Magnitude'] &amp;lt; 2.0)]
df_erupt_3 = df_erupt[(df_erupt['Magnitude'] &gt;= 2.0)&amp;(df_erupt['Magnitude'] &amp;lt; 3.0)]
df_erupt_4 = df_erupt[(df_erupt['Magnitude'] &gt;= 3.0)&amp;(df_erupt['Magnitude'] &amp;lt; 4.0)]
df_erupt_5 = df_erupt[df_erupt['Magnitude'] &gt; 4.0]</code>
      </sec>
      <sec id="sec-26" sec-type="notebook-code">
        <code language="python" executable="yes">tab20_colors = (
    (0.12156862745098039, 0.4666666666666667,  0.7058823529411765  ),  # 1f77b4
    (0.6823529411764706,  0.7803921568627451,  0.9098039215686274  ),  # aec7e8
    (1.0,                 0.4980392156862745,  0.054901960784313725),  # ff7f0e
    (1.0,                 0.7333333333333333,  0.47058823529411764 ),  # ffbb78
    (0.17254901960784313, 0.6274509803921569,  0.17254901960784313 ),  # 2ca02c
    (0.596078431372549,   0.8745098039215686,  0.5411764705882353  ),  # 98df8a
    (0.8392156862745098,  0.15294117647058825, 0.1568627450980392  ),  # d62728
    (1.0,                 0.596078431372549,   0.5882352941176471  ),  # ff9896
    (0.5803921568627451,  0.403921568627451,   0.7411764705882353  ),  # 9467bd
    (0.7725490196078432,  0.6901960784313725,  0.8352941176470589  ),  # c5b0d5
    (0.5490196078431373,  0.33725490196078434, 0.29411764705882354 ),  # 8c564b
    (0.7686274509803922,  0.611764705882353,   0.5803921568627451  ),  # c49c94
    (0.8901960784313725,  0.4666666666666667,  0.7607843137254902  ),  # e377c2
    (0.9686274509803922,  0.7137254901960784,  0.8235294117647058  ),  # f7b6d2
    (0.4980392156862745,  0.4980392156862745,  0.4980392156862745  ),  # 7f7f7f
    (0.7803921568627451,  0.7803921568627451,  0.7803921568627451  ),  # c7c7c7
    (0.7372549019607844,  0.7411764705882353,  0.13333333333333333 ),  # bcbd22
    (0.8588235294117647,  0.8588235294117647,  0.5529411764705883  ),  # dbdb8d
    (0.09019607843137255, 0.7450980392156863,  0.8117647058823529  ),  # 17becf
    (0.6196078431372549,  0.8549019607843137,  0.8980392156862745),    # 9edae5
)</code>
      </sec>
      <sec id="sec-27" sec-type="notebook-code">
        <code language="python" executable="yes">from matplotlib.patches import Rectangle

import datetime as dt
from matplotlib.dates import date2num, num2date

matplotlib.rcParams['font.sans-serif'] = "Helvetica"
matplotlib.rcParams['font.family'] = "sans-serif"
matplotlib.rcParams['xtick.labelsize'] = 14
matplotlib.rcParams['ytick.labelsize'] = 14
matplotlib.rcParams['ytick.labelleft'] = True
matplotlib.rcParams['ytick.labelright'] = True

%matplotlib inline
fig = matplotlib.pyplot.figure(figsize=(24,12))
fig.tight_layout()
# Creating axis
# add_axes([xmin,ymin,dx,dy])
ax_min = fig.add_axes([0.01, 0.01, 0.01, 0.01])
ax_min.axis('off')
ax_max = fig.add_axes([0.99, 0.99, 0.01, 0.01])
ax_max.axis('off')

ax_timeline = fig.add_axes([0.04, 0.1, 0.92, 0.85])
ax_timeline.spines["top"].set_visible(False)
ax_timeline.spines["right"].set_visible(False)
ax_timeline.spines["left"].set_visible(False)
ax_timeline.grid(axis='x')


ax_timeline.axvline(x=dt.datetime(2021, 9, 19, 14, 13), ymin=0.075, ymax=0.98, color='r', linewidth=3)


def make_scatter(df, c, alpha=0.8):
    M = 3*np.exp2(1.3*df['Magnitude'])
    return ax_timeline.scatter(df['DateTime'], df['Depth(km)'], s=M, c=c, alpha=alpha, edgecolor='black', linewidth=0.5, zorder=2);

# make_scatter(df_erupt, c=tab20c_colors[-1])
points_1 = make_scatter(df_erupt_1, c=[tab20_colors[12]], alpha=0.3)
points_2 = make_scatter(df_erupt_2, c=[tab20_colors[16]], alpha=0.4)
points_3 = make_scatter(df_erupt_3, c=[tab20_colors[4]], alpha=0.5)
points_4 = make_scatter(df_erupt_4, c=[tab20_colors[2]], alpha=0.6)
points_5 = make_scatter(df_erupt_5, c=[tab20_colors[6]], alpha=0.8)

ax_timeline.tick_params(axis='x', labelrotation=0, bottom=True)
ax_timeline.set_ylabel('')
ax_timeline.yaxis.set_ticks_position('both')
ax_timeline.yaxis.set_ticks_position('both')

xticks = ax_timeline.get_xticks()
new_xticks = [date2num(pd.to_datetime('2021-09-11')),
    date2num(pd.to_datetime('2021-09-19 14:13:00'))]
new_xticks = np.append(new_xticks, xticks[2:-1])
ax_timeline.set_xticks(new_xticks)

ax_timeline.invert_yaxis()
ax_timeline.spines['bottom'].set_position(('data', 45))
ax_timeline.margins(tight=True, x=0)
ax_timeline.legend(
    [points_1, points_2, points_3, points_4, points_5],
    ['0 &amp;lt; M &amp;lt;= 1','1 &amp;lt; M &amp;lt;= 2','2 &amp;lt; M &amp;lt;= 3','3 &amp;lt; M &amp;lt;= 4','M &gt; 4'],
    loc='lower left', bbox_to_anchor=(0.01, 0.1, 0.15, 0.1), fancybox=True,
    borderpad=1.0, labelspacing=1, mode="expand", title="Event Magnitude (M)",
    fontsize=14, title_fontsize=14, framealpha=1)

ax_timeline.set_ylim(ax_timeline.get_ylim()[0], -9)

plt.annotate('ERUPTION', (0.055, 0.42), rotation=90, xycoords='axes fraction', fontweight='bold', fontsize=20, color='r')
plt.annotate('Pre\nEruptive\nSwarm', (0.035, 0.88), rotation=0, xycoords='axes fraction', fontweight='bold', fontsize=20, color='b', horizontalalignment='center')
plt.annotate('Early Eruptive\nPhase', (0.12, 0.9), rotation=0, xycoords='axes fraction', fontweight='bold', fontsize=20, color='orange', horizontalalignment='center')
plt.annotate('Main Eruptive Phase\n(sustained gas and lava ejection)', (0.45, 0.9), rotation=0, xycoords='axes fraction', fontweight='bold', fontsize=20, color='green', horizontalalignment='center')
plt.annotate('Final Eruptive Phase\n(reducing gas and lava ejection)', (0.86, 0.9), rotation=0, xycoords='axes fraction', fontweight='bold', fontsize=20, color='r', horizontalalignment='center')

ax_timeline.add_patch(Rectangle((date2num(pd.to_datetime('2021-09-11')), -8), date2num(pd.to_datetime('2021-09-19 14:13:00'))-date2num(pd.to_datetime('2021-09-11')), 53, color=tab20_colors[0], zorder=1, alpha=0.1))
ax_timeline.add_patch(Rectangle((date2num(pd.to_datetime('2021-09-19 14:13:00')), -8), date2num(pd.to_datetime('2021-10-01'))-date2num(pd.to_datetime('2021-09-19 14:13:00')), 53, color=tab20_colors[2], zorder=1, alpha=0.1))
ax_timeline.add_patch(Rectangle((date2num(pd.to_datetime('2021-10-01')), -8), date2num(pd.to_datetime('2021-12-01'))-date2num(pd.to_datetime('2021-10-01')), 53, color=tab20_colors[4], zorder=1, alpha=0.1))
ax_timeline.add_patch(Rectangle((date2num(pd.to_datetime('2021-12-01')), -8), date2num(pd.to_datetime('2021-12-31'))-date2num(pd.to_datetime('2021-12-01'))+1, 53, color=tab20_colors[6], zorder=1, alpha=0.1));

ax_timeline.set_title("Recorded seismicity during the La Palma eruption 11 September - 15 December 2021 (INVOLCAN Dataset)", dict(fontsize=24), pad=20)
ax_timeline.set_ylabel("Depth (km)", dict(fontsize=20), labelpad=20)
ax_timeline.set_xlabel("Eruption Timeline", dict(fontsize=20), labelpad=20);</code>
        <sec sec-type="notebook-output">
          <alternatives>
            <graphic specific-use="print" mimetype="image" mime-subtype="png" xlink:href="files/24438045e5aa04bb8e47c95502c3bb4f.png"/>
            <media specific-use="text" mimetype="text" mime-subtype="plain" xlink:href="files/1fa1dc46ed5bdf68a1f71c1ad97ff45d.txt"/>
          </alternatives>
        </sec>
      </sec>
      <sec id="sec-28" sec-type="notebook-content">
        <sec id="sec-29">
          <title>Cumulative Distrubtion Plots</title>
        </sec>
      </sec>
      <sec id="sec-30" sec-type="notebook-code">
        <code language="python" executable="yes">def cumulative_events_mag_depth(df, hue='Depth', kind='scatter', ax=None, dpi=100, palette=None, kde=True):
    matplotlib.rcParams['ytick.labelright'] = False
    g = sns.jointplot(x="Magnitude", y="Depth(km)", data=df,
                      kind=kind, hue=hue, height=10, space=0.1, marginal_ticks=False, ratio=8, alpha=0.6,
                      hue_order=['Shallow (&amp;lt;18km)', 'Interchange (18km&gt;x&gt;28km)', 'Deep (&gt;28km)'],
                      ax=ax, palette=palette, ylim=(-2,50), xlim=(0.3,5.6), edgecolor=".2", marginal_kws=dict(bins=20, hist_kws={'edgecolor': 'black'}))
    if kde:
        g.plot_joint(sns.kdeplot, color="b", zorder=1, levels=15, ax=ax)
    g.fig.axes[0].invert_yaxis();
    g.fig.set_dpi(dpi)</code>
      </sec>
      <sec id="sec-31" sec-type="notebook-code">
        <code language="python" executable="yes">import warnings

with warnings.catch_warnings():
    warnings.simplefilter("ignore")
    cumulative_events_mag_depth(df_ign, hue=None, dpi=200)
    plt.suptitle('Cumulative Events 01-01-2017 to 01-01-2022', y=1.01);</code>
        <sec sec-type="notebook-output">
          <alternatives>
            <graphic specific-use="print" mimetype="image" mime-subtype="png" xlink:href="files/577b4f137a534be9b993b710e1035172.png"/>
            <media specific-use="text" mimetype="text" mime-subtype="plain" xlink:href="files/f30c987fde775447c234e1b684aba018.txt"/>
          </alternatives>
        </sec>
      </sec>
      <sec id="sec-32" sec-type="notebook-content">
        <sec id="sec-33">
          <title>Results</title>
          <p>The dataset was loaded into this Jupyter notebook and filtered down to La Palma events only. This results in 5465 data points which we then visualized to understand their distributions spatially, by depth, by magnitude and in time.</p>
          <p>From our analysis above, we can see 3 different systems in play.</p>
          <p>Firstly, the shallow earthquake swarm leading up to the eruption on 19th September, related to significant surface deformation and shallow magma intrusion.</p>
          <p>After the eruption, continuous shallow seismicity started at 10-15km corresponding to magma movement in the crustal reservoir.</p>
          <p>Subsequently, high magnitude events begin occurring at 30-40km depths corresponding to changes in the mantle reservoir. These are also continuous but occur with a lower frequency than in the crustal reservoir.</p>
        </sec>
      </sec>
      <sec id="sec-34" sec-type="notebook-content">
        <sec id="sec-35">
          <title>Conclusions</title>
          <p>From the analysis of the earthquake data collected and published by IGN for the period of 11 September through to 9 November 2021. Visualization of the earthquake events at different depths appears to confirm the presence of both mantle and crustal reservoirs as proposed by 
            <xref ref-type="bibr" rid="ref-1">Marrero 
              <italic>et al.</italic> (2019)
            </xref>.
          </p>
        </sec>
      </sec>
      <sec id="sec-36" sec-type="notebook-content">
        <disp-quote>
          <p>Data availability statement should be specified in a separate cell with metadata 
            <monospace>"part": "availability"</monospace>, similar to the abstract.
          </p>
          <p>AGU requires an Availability Statement for the underlying data needed to understand, evaluate, and build upon the reported research at the time of peer review and publication.</p>
        </disp-quote>
        <p>A web scraping script was developed to pull data into a machine-readable form for analysis. That code tool 
          <ext-link ext-link-type="uri" xlink:href="https://github.com/stevejpurves/ign-earthquake-data">is available on GitHub</ext-link> along with a copy of recently updated data.
        </p>
      </sec>
    </body>
  </sub-article>
</article>