<?xml version="1.0" encoding="UTF-8"?>
<!DOCTYPE manifest PUBLIC "-//MECA//DTD Manifest v1.0//en" "MECA_manifest.dtd">
<manifest manifest-version="1" xmlns="https://manuscriptexchange.org/schema/manifest" xmlns:xlink="http://www.w3.org/1999/xlink">
  <item item-type="article-metadata">
    <instance xlink:href="article.xml" media-type="application/xml"/>
  </item>
  <item item-type="article-supporting-file">
    <instance xlink:href="files/1fa1dc46ed5bdf68a1f71c1ad97ff45d.txt" media-type="text/plain"/>
  </item>
  <item item-type="article-supporting-file">
    <instance xlink:href="files/24438045e5aa04bb8e47c95502c3bb4f.png" media-type="image/png"/>
  </item>
  <item item-type="article-supporting-file">
    <instance xlink:href="files/2965d404c0b1e99b5fac9ba461cf561c.txt" media-type="text/plain"/>
  </item>
  <item item-type="article-supporting-file">
    <instance xlink:href="files/577b4f137a534be9b993b710e1035172.png" media-type="image/png"/>
  </item>
  <item item-type="article-supporting-file">
    <instance xlink:href="files/85138691e3f8c5d91583e8d33bb1347c.html" media-type="text/html"/>
  </item>
  <item item-type="article-supporting-file">
    <instance xlink:href="files/f30c987fde775447c234e1b684aba018.txt" media-type="text/plain"/>
  </item>
  <item item-type="article-supporting-file">
    <instance xlink:href="files/la-palma-map-536fc023c6206b9b5eda9b2f12508ebf.png" media-type="image/png"/>
  </item>
  <item item-type="article-supporting-file">
    <instance xlink:href="files/reservoirs-9eb6340c229f65db45ad4bc76a92ecd9.png" media-type="image/png"/>
  </item>
  <item item-type="manuscript">
    <instance xlink:href="article.pdf" media-type="application/pdf"/>
  </item>
  <item item-type="article-source">
    <instance xlink:href="bundle/myst.yml" media-type="text/yaml"/>
  </item>
  <item item-type="article-source-environment">
    <instance xlink:href="bundle/environment.yml" media-type="text/yaml"/>
  </item>
  <item item-type="article-source">
    <instance xlink:href="bundle/README.md" media-type="text/markdown"/>
  </item>
  <item item-type="article-source">
    <instance xlink:href="bundle/_toc.yml" media-type="text/yaml"/>
  </item>
  <item item-type="article-source">
    <instance xlink:href="bundle/article.ipynb" media-type="application/x-ipynb+json"/>
  </item>
  <item item-type="article-source">
    <instance xlink:href="bundle/images/la-palma-map.png" media-type="image/png"/>
  </item>
  <item item-type="article-source">
    <instance xlink:href="bundle/images/reservoirs.png" media-type="image/png"/>
  </item>
  <item item-type="article-source">
    <instance xlink:href="bundle/references.bib" media-type="application/x-bibtex"/>
  </item>
  <item item-type="article-source-directory">
    <instance xlink:href="bundle/" media-type="application/x-directory"/>
  </item>
</manifest>